{
  "H": 0.1,
  "W":  0.1,
  "nH": 4.0,
  "nW": 4.0,
  "nE": 9.0,
  "pc2": [-0.5773502691,0.5773502691],
  "pc3": [-0.77459666924, 0, 0.77459666924],
  "weights": [1.0, 1.0],
  "weights3": [ 0.55555555, 0.88888888, 0.55555555],
  "k": 25.0,
  "c": 700.0,
  "ro": 7800.0,
  "t0": 100.0,
  "alfa": 300.0,
  "alfa_for_P": 300.0,
  "t_alfa": 1200.0,
  "simTime": 500.0,
  "simStepTime": 50.0
}